Intent,Example,Response/answer
Axent Information,What is Axent?,"Axent is a premier Australian electronic engineering company, specialising in the design, manufacture, installation and support of visual communication systems"
Axent Information,Tell me about Axent Global.,Axent Global is a leading electronic engineering company based in Australia with over 39 years of experience in innovative technology solutions.
Axent Information,Can you describe Axent's business?,"Axent is an innovative technology company founded in 1984, focusing on electronic engineering, digital signage, and communication systems for government and private sectors."
Axent Information,What makes Axent unique?,"Axent stands out for its Australian-made products, innovative engineering solutions, and comprehensive approach to digital communication and safety systems. We stand out with our in-house manufacturing right here in Australia."
Axent Information,Give me an overview of Axent.,Axent is a specialised electronic engineering company that designs and manufactures cutting-edge communication and safety technologies for various industries across Australia.
Axent History,When was Axent established?,Axent was established in 1984.
Axent History,How long has Axent been in business?,"Axent has been in business since 1984, with over 39 years of experience in electronic engineering and innovative visual communication systems."
Axent History,What is the origin story of Axent?,"Axent was founded in 1984 when our current director, while working at a local cricket center, had the idea to automate the manual process of updating the scoreboard. Driven by this vision, he built an electronic scoreboard display right from his garage, marking the beginning of our journey."
Axent History,What was Axen'ts first product?,Axents first product was an electronic sporting scoreboard.
Axent History,How has Axent grown since its founding?,"Axent has grown from a small local manufacturer of sporting scoreboards to a national leader in electronic signage and communication technologies, serving government and private sector clients."
Axent Location,Where are Axent's offices located?,"Axent has two primary locations: Headquarters at 3 Torteval Place, Clayton VIC 3168, and a Queensland office at 20 Transport Street, Yatala QLD 4207."
Axent Location,What are Axent's office addresses?,"Melbourne HQ: 3 Torteval Place, Clayton VIC 3168. Queensland Office: 20 Transport Street, Yatala QLD 4207."
Axent Location,Can you tell me about Axent's physical locations?,"Axent maintains two strategic locations in Victoria and Queensland, enabling comprehensive service across Australian markets."
Axent Location,Where can I find Axent's main office?,"Axent's primary headquarters is situated in Clayton, Victoria, providing central access to their engineering and manufacturing facilities."
Axent Location,Does Axent have multiple locations?,"Yes, Axent operates from two key locations - a main headquarters in Melbourne and an office in Queensland."
Axent Contact,What is Axent's phone number?,Axent's phone number is 13AXENT (1329368).
Axent Contact,How do I contact Axent?,You can reach Axent by calling our dedicated phone line at 13AXENT (1329368) or email via our website contact form.
Axent Contact,What's the best way to get in touch with Axent?,"Contact Axent by calling 13AXENT (1329368), or visiting our official website for inquiries."
Axent Contact,Do you have Axent's contact information?,"Axent can be contacted at 13AXENT (1329368), with additional communication channels available on our official website."
Axent Services,What industries does Axent serve?,"Axent provides specialist services to government departments, councils, and major blue-chip Australian companies across transportation, emergency services, municipal, and infrastructure sectors."
Axent Services,Who are Axent's main clients?,"Axent works with local governments, emergency services, transportation departments, councils, and major Australian businesses to create innovative electronic products and solutions."
Axent Services,What type of services does Axent offer?,"Axent offers comprehensive services including design, manufacture, installation, support, custom software development, engineering consultation, and advanced electronic communication system solutions."
Axent Services,Can Axent customise solutions?,"Yes, Axent specialises in creating custom electronic solutions tailored to specific client needs across various industries and applications."
Axent Services,Is Axent an engineering company?,Axent is a specialized electronic engineering company with highly experienced teams across multiple industries and technical disciplines.
Axent Services,What engineering capabilities does Axent have?,"Axent provides end-to-end engineering services including design, prototyping, testing, and manufacturing of proprietary electrical systems using state-of-the-art technology and precision manufacturing equipment."
Axent Services,What makes Axent's engineering unique?,"Axent combines Australian engineering expertise with innovative technology, creating robust and reliable electronic communication systems for critical infrastructure and safety applications."
Product Manufacturing,Where are Axent products made?,"All Axent products are designed, produced, manufactured, and supported entirely in Australia using local resources, expertise, and manufacturing facilities."
Product Manufacturing,Are Axent products manufactured locally?,"100% of Axent products are manufactured in Australia, supporting local manufacturing and ensuring high-quality, precision-engineered solutions."
Product Manufacturing,How does Axent approach product manufacturing?,"Axent uses advanced manufacturing techniques, including SMT lines, industrial routers, precision printers, brake presses, and laser cutters to create high-quality electronic systems."
Product Overview,What products does Axent manufacture?,"Axent specializes in innovative digital signage and communication systems including Speed Awareness Signs, Bicycle Awareness Signs, Wildlife Awareness Signs, Electronic School Zone Signs, Variable Speed Limit Signs, Passenger Information Displays, Fire Danger Rating Signs, Variable Message Signs, and Service Station Displays."
Product Overview,List all of Axent's product lines.,"Axent's product lines include SAMS (Speed Awareness Monitoring Signs), BAMS (Bicycle Awareness Monitoring Signs), WAMS (Wildlife Awareness Monitoring Signs), ESZS (Electronic School Zone Signs), VSLS (Variable Speed Limit Signs), PIDs (Passenger Information Displays), AFDRS (Fire Danger Rating Signs), VMS (Variable Message Signs), and Service Station Displays."
Product Overview,How many products does Axent offer?,"Axent manages over 10,000 assets across various product lines, with solutions spanning multiple industries and applications."
Product Specific - SAMS,What does SAMS stand for?,SAMS stands for Speed Awareness Monitoring Signs.
Product Specific - SAMS,What are Speed Awareness Monitoring Signs?,"Speed Awareness Monitoring Signs are advanced radar-based LED speed signs designed to reduce vehicle speeding in residential neighbourhoods, school zones, and high-risk traffic areas by providing real-time speed feedback."
Product Specific - SAMS,Tell me about SAMS technology,"SAMS utilise radar technology to detect vehicle speeds, displaying real-time speed information to encourage safer driving behaviors through immediate visual feedback."
Product Specific - SAMS,What are the technical specifications of SAMS?,"SAMS dimensions are 650mm (W) x 1070mm (H) x 125mm (D), featuring advanced LED display technology and radar-based speed detection capabilities."
Product Specific - BAMS,What does BAMS stand for?,BAMS stands for Bicycle Awareness Monitoring Signs.
Product Specific - BAMS ,What are Bicycle Awareness Monitoring Signs?,"Bicycle Awareness Monitoring Signs are specialized radar speed LED signs designed to improve safety in low-speed zones by displaying speeds for bicycles, e-bikes, e-scooters, and vehicles."
Product Specific - BAMS,How do BAMS improve road safety?,BAMS provide real-time speed information to create awareness and encourage safer interactions between cyclists and motorists in shared traffic environments.
Product Specific - BAMS,What are the BAMS sign dimensions?,"BAMS signs measure 650mm (W) x 670mm (H) x 125mm (D), with discrete displays of 360mm x 355mm and 390mm (W) x 168mm (H)."
Product Specific,,
Product Specific,,
Product Specific,,
Product Specific,,
Product Specific,,
Product Specific,,
Installation Requirements,,
Installation Requirements,,
Axent Slogan,,
Axent Slogan,,
